Title,Company,Location,Is Remote,Job Type,Salary Min,Salary Max,Salary Interval,Date Posted,Source,Job Url,Description
Gis Python Developer,Niyamit,Unknown,Yes,full-time,,,,25 Feb 2026,INDEED,https://dailyremote.com/remote-job/gis-python-developer-4655404?utm_campaign=google_jobs_apply&utm_source=google_jobs_apply&utm_medium=organic,About Niyam IT (Niyam) Niyam IT was founded in 2007 by a group of consultants who shared a unique vision: a technology company steeped in orderly process yet driven by passion and innovation. Over the...
Python Developer (Remote),Synergisticit,US,Yes,full-time,,,,,INDEED,https://jobgether.com/offer/6965f54796ae97ba4ad12c9b-python-developer-remote?utm_campaign=google_jobs_apply&utm_source=google_jobs_apply&utm_medium=organic,"This a Full Remote job, the offer is available from: Arkansas (USA), Illinois (USA) SYNERGISTICIT is aware that the Job Market is Challenging due to almost 600,000 Tech Layoffs within the past 2 years..."
Python Developer - Remote $ 120/Hours,Yo It Consulting,US,Yes,contract,$80,$200,hour,,INDEED,https://www.indeed.com/viewjob?jk=bfc2c379661fa93d&utm_campaign=google_jobs_apply&utm_source=google_jobs_apply&utm_medium=organic,hiring experienced Python Engineers to support a variety of high-impact research collaborations with leading AI labs. Freelancers will help improve AI systems through work extending coding benchmarks ...
Python Programmer (Remote),Synergisticit,"Meridian, Idaho, US",Yes,full-time and contractor,"$90,000","$125,000",year,23 Feb 2026,INDEED,https://www.monster.com/job-openings/python-programmer-remote-meridian-id--af281777-2ca8-4fef-bc27-246eb20d86d1?mstr_dist=true&utm_campaign=google_jobs_apply&utm_source=google_jobs_apply&utm_medium=organic,"Since 2010, we've helped thousands of candidates land full-time jobs at tech leaders like Google, Apple, PayPal, Visa, Western Union, Wells Fargo, Client, Paypal, Banking, Wayfair, Client, Client and ..."
Remote Python Engineer Job For A Health Tech Startup (Part-Time),Toptal,"Philadelphia, Pennsylvania, US",Yes,part-time,"$50,000","$300,000",year,24 Feb 2026,INDEED,https://www.toptal.com/freelance-jobs/developers/django/python-engineer-65?utm_campaign=google_jobs_apply&utm_source=google_jobs_apply&utm_medium=organic,"Weâ€™re a health tech startup launching a new product to automate data analysis and data visualization. We are looking to hire a Python engineer to improve data loading and storage practices, create dat..."
Senior Fullstack Developer,Kodify Media Group,Remote,Yes,Not specified,"$70,000","$90,000",yearly,,REMOTEOK,https://remoteOK.com/remote-jobs/remote-senior-fullstack-developer-kodify-media-group-1130526,"Who are we, and why are we hiring?We're based on over 15 years of success, producing world-class video content and building, developing, and managing a number of high-traffic websites. Our award-winni..."
Data Analyst Ii,Computercare,Remote,Yes,Not specified,,,,,REMOTEOK,https://remoteOK.com/remote-jobs/remote-data-analyst-ii-computercare-1130490,ComputerCare has spent more than 20 years building something rare in the IT world: a company where technical excellence and genuine human connection are valued equally. We're the trusted partner that ...
Talent Acquisition Partner,Vcluster Labs,Remote,Yes,Not specified,"$90,000","$110,000",yearly,,REMOTEOK,https://remoteOK.com/remote-jobs/remote-talent-acquisition-partner-vcluster-labs-1130489,"As a Sr. Talent Acquisition Partner (Technical) at vCluster Labs, you aren't just filling open requisitions; you are the architect of our engineering capability. In this role, you will serve as the pr..."
Data Scientist,Solera Health,Remote,Yes,Not specified,,,,,REMOTEOK,https://remoteOK.com/remote-jobs/remote-data-scientist-solera-health-1130479,Job SummarySolera is seeking a Data Scientist to join our Insights team. You will work with large-scale claims and product engagement data to answer questions that matter to the business: Does our pro...
Engineer,Sciencelogic,Remote,Yes,Not specified,,,,,REMOTEOK,https://remoteOK.com/remote-jobs/remote-engineer-sciencelogic-1130471,"What we're looking for...&nbsp; ScienceLogic is seeking a Senior Engineer, Developer Platform to improve our developer platform and tools. This role will focus on the creation and maintenance of our m..."
Python Developer,Infosys,"Hyderabad, Telangana, India",No,Not specified,,,,,LINKEDIN,https://in.linkedin.com/jobs/view/python-developer-at-infosys-4367293056,
Python Developer,Persistent Systems,"Bengaluru, Karnataka, India",No,Not specified,,,,,LINKEDIN,https://in.linkedin.com/jobs/view/python-developer-at-persistent-systems-4294598179,
Python Developer,Wipro,"Austin, TX",No,Not specified,,,,,LINKEDIN,https://www.linkedin.com/jobs/view/python-developer-at-wipro-4375723438,
Python Software Engineer,Cream Consulting,"Brussels, Brussels Region, Belgium",No,Not specified,,,,,LINKEDIN,https://be.linkedin.com/jobs/view/python-software-engineer-at-cream-consulting-4375396343,
Python Backend Engineer (Freelance/P.Iva),Wiselyst,Italy,No,Not specified,,,,,LINKEDIN,https://it.linkedin.com/jobs/view/python-backend-engineer-freelance-p-iva-at-wiselyst-4374271528,
